remark,"CSV-Import-Export"
remark,"Date = Thu Jan 25 12:30:23 2024"
remark,"Version = RSLogix 5000 v20.05"
remark,"Owner = Windows User"
remark,"Company = "
0.3
TYPE,SCOPE,NAME,DESCRIPTION,DATATYPE,SPECIFIER,ATTRIBUTES
TAG,,Local:1:I,"input slot 1","AB:1769_DI16:I:0","","(ExternalAccess := Read/Write)"
TAG,,Local:2:I,"input slot 2","AB:1769_DI16:I:0","","(ExternalAccess := Read/Write)"
COMMENT,,Local:2:I,"Process Pump C Run Confirmation Contactor C6 fdbk",,"Local:2:I.DATA.0"
COMMENT,,Local:2:I,"Process Pump C Low Differential Pressure Switch PS6",,"Local:2:I.DATA.2"
TAG,,Local:3:I,"input slot 3","AB:1769_DI16:I:0","","(ExternalAccess := Read/Write)"
TAG,,Local:4:I,"input slot 4","AB:1769_DI16:I:0","","(ExternalAccess := Read/Write)"
COMMENT,,Local:4:I,"Process Pumps Outlet Low System Pressure$NPS7A",,"Local:4:I.DATA.0"
COMMENT,,Local:4:I,"Process Pumps Outlet High System Pressure PS7B",,"Local:4:I.DATA.1"
COMMENT,,Local:4:I,"Suction Pressure Low$NPS8A",,"Local:4:I.DATA.2"
COMMENT,,Local:4:I,"Suction Pressure Liquid Add to System PS8B",,"Local:4:I.DATA.3"
COMMENT,,Local:4:I,"Premix Tank Low Level$N(close on low level)",,"Local:4:I.DATA.4"
COMMENT,,Local:4:I,"High Enclosure Temperature$NTS2$N(closes on high temp)",,"Local:4:I.DATA.5"
COMMENT,,Local:4:I,"Remote Alarm Silence Button",,"Local:4:I.DATA.6"
COMMENT,,Local:4:I,"Chiller Valve A Open Confirmation",,"Local:4:I.DATA.7"
COMMENT,,Local:4:I,"Chiller Valve A Closed Confirmation",,"Local:4:I.DATA.8"
COMMENT,,Local:4:I,"Chiller Valve B Open Confirmation",,"Local:4:I.DATA.9"
COMMENT,,Local:4:I,"Chiller Valve B Closed Confirmation",,"Local:4:I.DATA.10"
COMMENT,,Local:4:I,"Chiller Valve C Open Confirmation",,"Local:4:I.DATA.11"
COMMENT,,Local:4:I,"Chiller Valve C Closed Confimation",,"Local:4:I.DATA.12"
COMMENT,,Local:4:I,"Chiller Valve D Open Confirmation",,"Local:4:I.DATA.13"
COMMENT,,Local:4:I,"Chiller Valve D Closed Confirmation",,"Local:4:I.DATA.14"
TAG,,Local:5:C,"","AB:1769_DO16:C:0","","(ExternalAccess := Read/Write)"
TAG,,Local:5:I,"","AB:1769_DO16:I:0","","(ExternalAccess := Read/Write)"
TAG,,Local:5:O,"output slot 5","AB:1769_DO16:O:0","","(ExternalAccess := Read/Write)"
TAG,,Local:6:C,"","AB:1769_DO16:C:0","","(ExternalAccess := Read/Write)"
TAG,,Local:6:I,"","AB:1769_DO16:I:0","","(ExternalAccess := Read/Write)"
TAG,,Local:6:O,"output slot 6","AB:1769_DO16:O:0","","(ExternalAccess := Read/Write)"
COMMENT,,Local:6:O,"Dry Cooler A MCR",,"Local:6:O.DATA.0"
COMMENT,,Local:6:O,"Dry Cooler B MCR",,"Local:6:O.DATA.1"
COMMENT,,Local:6:O,"Dry Cooler C MCR",,"Local:6:O.DATA.2"
COMMENT,,Local:6:O,"Dry Cooler Fan Group ONE Confirmation Relay",,"Local:6:O.DATA.3"
COMMENT,,Local:6:O,"Dry Cooler Fan Group TWO Confirmation Relay",,"Local:6:O.DATA.4"
COMMENT,,Local:6:O,"Dry Cooler Fan Group THREE Confirmation Relay",,"Local:6:O.DATA.5"
COMMENT,,Local:6:O,"Dry Cooler Fan Group FOUR Confirmation Relay",,"Local:6:O.DATA.6"
COMMENT,,Local:6:O,"Dry Cooler Fan Group FIVE Confirmation Relay",,"Local:6:O.DATA.7"
COMMENT,,Local:6:O,"ADD WATER RELAY",,"Local:6:O.DATA.8"
COMMENT,,Local:6:O,"ADD PREMIX RELAY",,"Local:6:O.DATA.9"
COMMENT,,Local:6:O,"Audible Alarm",,"Local:6:O.DATA.10"
COMMENT,,Local:6:O,"All Good Green Light$N(no alarms)",,"Local:6:O.DATA.11"
COMMENT,,Local:6:O,"System in Auto$N(blue light)",,"Local:6:O.DATA.12"
COMMENT,,Local:6:O,"Fault Light$N(red light)",,"Local:6:O.DATA.13"
COMMENT,,Local:6:O,"Remote Alarm Light$N(R13)",,"Local:6:O.DATA.14"
COMMENT,,Local:6:O,"Remote Alarm Horn$N(R14)",,"Local:6:O.DATA.15"
TAG,,Local:7:C,"","AB:1769_IR6:C:0","","(ExternalAccess := Read/Write)"
TAG,,Local:7:I,"RTD input slot 7","AB:1769_IR6:I:0","","(ExternalAccess := Read/Write)"
COMMENT,,Local:7:I,"Process Suply Water Temperature",,"Local:7:I.CH0DATA"
COMMENT,,Local:7:I,"Process Return Water Temperature",,"Local:7:I.CH1DATA"
COMMENT,,Local:7:I,"Ambient Air Temperature",,"Local:7:I.CH2DATA"
COMMENT,,Local:7:I,"Dry Cooler Outlet Water Temperature",,"Local:7:I.CH3DATA"
COMMENT,,Local:7:I,"SPARE",,"Local:7:I.CH4DATA"
COMMENT,,Local:7:I,"SPARE",,"Local:7:I.CH5DATA"
TAG,,Local:8:C,"","AB:1769_OF2:C:0","","(ExternalAccess := Read/Write)"
TAG,,Local:8:I,"","AB:1769_OF2:I:0","","(ExternalAccess := Read/Write)"
TAG,,Local:8:O,"analogue output slot 8","AB:1769_OF2:O:0","","(ExternalAccess := Read/Write)"
COMMENT,,Local:8:O,"Mixing Valve Actuator",,"Local:8:O.CH0DATA"
COMMENT,,Local:8:O,"SPARE",,"Local:8:O.CH1DATA"
TAG,,alarmons1,"","BOOL[32]","","(RADIX := Decimal, Constant := false, ExternalAccess := Read/Write)"
TAG,,alarmons2,"","BOOL[32]","","(RADIX := Decimal, Constant := false, ExternalAccess := Read/Write)"
TAG,,alarmons3,"","BOOL[32]","","(RADIX := Decimal, Constant := false, ExternalAccess := Read/Write)"
TAG,,alarmons4,"","BOOL[32]","","(RADIX := Decimal, Constant := false, ExternalAccess := Read/Write)"
TAG,,alarms_1,"","DINT","","(RADIX := Decimal, Constant := false, ExternalAccess := Read/Write)"
COMMENT,,alarms_1,"C1 no aux",,"alarms_1.0"
COMMENT,,alarms_1,"OL1 trip",,"alarms_1.1"
COMMENT,,alarms_1,"C2 no aux",,"alarms_1.2"
COMMENT,,alarms_1,"OL2 trip",,"alarms_1.3"
COMMENT,,alarms_1,"C3 no aux",,"alarms_1.4"
COMMENT,,alarms_1,"OL3 trip",,"alarms_1.5"
COMMENT,,alarms_1,"C4 no aux",,"alarms_1.6"
COMMENT,,alarms_1,"OL4 trip",,"alarms_1.7"
COMMENT,,alarms_1,"Chilled pump A LPA no stop",,"alarms_1.8"
COMMENT,,alarms_1,"Chilled pump B LPA no stop",,"alarms_1.9"
COMMENT,,alarms_1,"Process pump A LPA no stop",,"alarms_1.10"
COMMENT,,alarms_1,"Process pump B LPA no stop",,"alarms_1.11"
COMMENT,,alarms_1,"Low differential pressure - both chilled pumps",,"alarms_1.12"
COMMENT,,alarms_1,"Low differential pressure - both process pumps",,"alarms_1.13"
COMMENT,,alarms_1,"Chiller A faulted",,"alarms_1.14"
COMMENT,,alarms_1,"Chiller B faulted",,"alarms_1.15"
COMMENT,,alarms_1,"Chiller C faulted",,"alarms_1.16"
COMMENT,,alarms_1,"Chillers - 2 are faulted",,"alarms_1.17"
COMMENT,,alarms_1,"Chillers can$'t start - no pump available",,"alarms_1.18"
COMMENT,,alarms_1,"Dry cooler A faulted",,"alarms_1.19"
COMMENT,,alarms_1,"Dry cooler B faulted",,"alarms_1.20"
COMMENT,,alarms_1,"Process supply RTD faulted",,"alarms_1.21"
COMMENT,,alarms_1,"Process return RTD faulted",,"alarms_1.22"
COMMENT,,alarms_1,"Ambient air RTD faulted",,"alarms_1.23"
COMMENT,,alarms_1,"Dry cooler outlet RTD faulted",,"alarms_1.24"
COMMENT,,alarms_1,"Process supply RTD open wire",,"alarms_1.25"
COMMENT,,alarms_1,"Process return RTD open wire",,"alarms_1.26"
COMMENT,,alarms_1,"Ambient air RTD open wire",,"alarms_1.27"
COMMENT,,alarms_1,"Dry cooler outlet RTD open wire",,"alarms_1.28"
COMMENT,,alarms_1,"Chillers - 3 are faulted",,"alarms_1.29"
COMMENT,,alarms_1,"High process supply temperature - relative",,"alarms_1.30"
COMMENT,,alarms_1,"High process supply temperature - absolute",,"alarms_1.31"
TAG,,alarms_2,"","DINT","","(RADIX := Decimal, Constant := false, ExternalAccess := Read/Write)"
COMMENT,,alarms_2,"Process supply RTD over/under range",,"alarms_2.0"
COMMENT,,alarms_2,"Process return RTD over/under range",,"alarms_2.1"
COMMENT,,alarms_2,"Ambient air RTD over/under range",,"alarms_2.2"
COMMENT,,alarms_2,"Dry cooler outlet RTD over/under range",,"alarms_2.3"
COMMENT,,alarms_2,"DCG1 no confirmation",,"alarms_2.4"
COMMENT,,alarms_2,"DCG2 no confirmation",,"alarms_2.5"
COMMENT,,alarms_2,"DCG3 no confirmation",,"alarms_2.6"
COMMENT,,alarms_2,"DCG4 no confirmation",,"alarms_2.7"
COMMENT,,alarms_2,"DCG5 no confirmation",,"alarms_2.8"
COMMENT,,alarms_2,"DCG6 no confirmation",,"alarms_2.9"
COMMENT,,alarms_2,"Chilled pump A stopped by low pressure alarm",,"alarms_2.10"
COMMENT,,alarms_2,"Chilled pump B stopped by low pressure alarm",,"alarms_2.11"
COMMENT,,alarms_2,"Process pump A stopped by low pressure alarm",,"alarms_2.12"
COMMENT,,alarms_2,"Process pump B stopped by low pressure alarm",,"alarms_2.13"
COMMENT,,alarms_2,"Process return RTD and/or ambient air RTD faulted",,"alarms_2.14"
COMMENT,,alarms_2,"Process return RTD and dry cooler outlet RTD faulted",,"alarms_2.15"
COMMENT,,alarms_2,"Dry cooler C faulted",,"alarms_2.20"
COMMENT,,alarms_2,"Process Pumps Outlet Low System Pressure$NPS7A",,"alarms_2.30"
COMMENT,,alarms_2,"Process Pumps Outlet High System Pressure PS7B",,"alarms_2.31"
TAG,,alarms_3,"","DINT","","(RADIX := Decimal, Constant := false, ExternalAccess := Read/Write)"
COMMENT,,alarms_3,"Suction Pressure Low$NPS8A",,"alarms_3.0"
TAG,,alarms_4,"","DINT","","(RADIX := Decimal, Constant := false, ExternalAccess := Read/Write)"
ALIAS,,alarm_horn,"","","output_io_buffered_6.10","(RADIX := Decimal, ExternalAccess := Read/Write)"
ALIAS,,alarm_horn_remote,"","","output_io_buffered_6.15","(RADIX := Decimal, ExternalAccess := Read/Write)"
ALIAS,,alarm_noalarm_greenlight,"","","output_io_buffered_6.11","(RADIX := Decimal, ExternalAccess := Read/Write)"
ALIAS,,alarm_strobe,"","","output_io_buffered_6.13","(RADIX := Decimal, ExternalAccess := Read/Write)"
ALIAS,,alarm_strobe_remote,"","","output_io_buffered_6.14","(RADIX := Decimal, ExternalAccess := Read/Write)"
TAG,,All_overlap_timers_done,"","BOOL","","(RADIX := Decimal, Constant := false, ExternalAccess := Read/Write)"
TAG,,alternator,"","BOOL","","(RADIX := Decimal, Constant := false, ExternalAccess := Read/Write)"
TAG,,alternator_done,"","BOOL","","(RADIX := Decimal, Constant := false, ExternalAccess := Read/Write)"
TAG,,Autostart_chilled_pump_A,"","BOOL","","(RADIX := Decimal, Constant := false, ExternalAccess := Read/Write)"
TAG,,Autostart_chilled_pump_B,"","BOOL","","(RADIX := Decimal, Constant := false, ExternalAccess := Read/Write)"
TAG,,Autostart_chilled_pump_C,"","BOOL","","(RADIX := Decimal, Constant := false, ExternalAccess := Read/Write)"
TAG,,Autostart_process_pump_A,"","BOOL","","(RADIX := Decimal, Constant := false, ExternalAccess := Read/Write)"
TAG,,Autostart_process_pump_B,"","BOOL","","(RADIX := Decimal, Constant := false, ExternalAccess := Read/Write)"
TAG,,Autostart_process_pump_C,"","BOOL","","(RADIX := Decimal, Constant := false, ExternalAccess := Read/Write)"
COMMENT,,Autostart_process_pump_C,"Chilled Pump A Run R1/C1",,"Autostart_process_pump_C.0"
COMMENT,,Autostart_process_pump_C,"Chilled Pump B Run R2/C2",,"Autostart_process_pump_C.1"
COMMENT,,Autostart_process_pump_C,"Process Pump A Run R3/C3",,"Autostart_process_pump_C.2"
COMMENT,,Autostart_process_pump_C,"Process Pump B Run R4/C4",,"Autostart_process_pump_C.3"
COMMENT,,Autostart_process_pump_C,"Chiller A Run CR1",,"Autostart_process_pump_C.4"
COMMENT,,Autostart_process_pump_C,"Chiller B Run CR2",,"Autostart_process_pump_C.5"
COMMENT,,Autostart_process_pump_C,"Dry Cooler A Master Control DCAM",,"Autostart_process_pump_C.6"
COMMENT,,Autostart_process_pump_C,"Dry Cooler B Master Control DCBM",,"Autostart_process_pump_C.7"
COMMENT,,Autostart_process_pump_C,"Dry Cooler Group 1 Run GR1",,"Autostart_process_pump_C.8"
COMMENT,,Autostart_process_pump_C,"Dry Cooler Group 2 Run GR2",,"Autostart_process_pump_C.9"
COMMENT,,Autostart_process_pump_C,"Dry Cooler Group 3 Run GR3",,"Autostart_process_pump_C.10"
COMMENT,,Autostart_process_pump_C,"Dry Cooler Group 4 Run GR4",,"Autostart_process_pump_C.11"
COMMENT,,Autostart_process_pump_C,"Dry Cooler Group 5 Run GR5",,"Autostart_process_pump_C.12"
COMMENT,,Autostart_process_pump_C,"Dry Cooler Group 6 Run GR6",,"Autostart_process_pump_C.13"
COMMENT,,Autostart_process_pump_C,"Alarm Sounder",,"Autostart_process_pump_C.14"
COMMENT,,Autostart_process_pump_C,"Green Light All Good",,"Autostart_process_pump_C.15"
TAG,,chilled_low_pressure_input_delay,"","DINT","","(RADIX := Decimal, Constant := false, ExternalAccess := Read/Write)"
TAG,,Chilled_pumps_autostart,"","BOOL","","(RADIX := Decimal, Constant := false, ExternalAccess := Read/Write)"
TAG,,chilled_pumps_ready,"","BOOL","","(RADIX := Decimal, Constant := false, ExternalAccess := Read/Write)"
TAG,,Chilled_pump_autostart_delay,"","TIMER","","(Constant := false, ExternalAccess := Read/Write)"
TAG,,Chilled_pump_autostop_delay,"","TIMER","","(Constant := false, ExternalAccess := Read/Write)"
TAG,,Chilled_pump_A_availabe,"","BOOL","","(RADIX := Decimal, Constant := false, ExternalAccess := Read/Write)"
TAG,,Chilled_pump_A_HMI_status,"0=off$N1=hand$N2=auto","DINT","","(RADIX := Decimal, Constant := false, ExternalAccess := Read/Write)"
TAG,,Chilled_Pump_A_leadlag,"","DINT","","(RADIX := Decimal, Constant := false, ExternalAccess := Read/Write)"
TAG,,Chilled_pump_A_leadtolag_overlap,"","TIMER","","(Constant := false, ExternalAccess := Read/Write)"
TAG,,Chilled_pump_A_low_pressure_delay,"","TIMER","","(Constant := false, ExternalAccess := Read/Write)"
TAG,,Chilled_pump_A_LPA_on,"","BOOL","","(RADIX := Decimal, Constant := false, ExternalAccess := Read/Write)"
TAG,,Chilled_pump_A_LPS,"","BOOL","","(RADIX := Decimal, Constant := false, ExternalAccess := Read/Write)"
TAG,,chilled_pump_A_LPswap_overlap,"","TIMER","","(Constant := false, ExternalAccess := Read/Write)"
TAG,,Chilled_pump_A_overlap_done,"","BOOL","","(RADIX := Decimal, Constant := false, ExternalAccess := Read/Write)"
TAG,,Chilled_pump_A_status,"0=off$N1=running$N2=off-faulted$N3=LPA$N4=LPS","DINT","","(RADIX := Decimal, Constant := false, ExternalAccess := Read/Write)"
TAG,,Chilled_pump_B_availabe,"","BOOL","","(RADIX := Decimal, Constant := false, ExternalAccess := Read/Write)"
TAG,,Chilled_pump_B_HMI_status,"0=off$N1=hand$N2=auto","DINT","","(RADIX := Decimal, Constant := false, ExternalAccess := Read/Write)"
TAG,,Chilled_pump_B_leadlag,"","DINT","","(RADIX := Decimal, Constant := false, ExternalAccess := Read/Write)"
TAG,,Chilled_pump_B_leadtolag_overlap,"","TIMER","","(Constant := false, ExternalAccess := Read/Write)"
TAG,,Chilled_pump_B_low_pressure_delay,"","TIMER","","(Constant := false, ExternalAccess := Read/Write)"
TAG,,Chilled_pump_B_LPA_on,"","BOOL","","(RADIX := Decimal, Constant := false, ExternalAccess := Read/Write)"
TAG,,Chilled_pump_B_LPS,"","BOOL","","(RADIX := Decimal, Constant := false, ExternalAccess := Read/Write)"
TAG,,chilled_pump_B_LPswap_overlap,"","TIMER","","(Constant := false, ExternalAccess := Read/Write)"
TAG,,Chilled_pump_B_overalap_done,"","BOOL","","(RADIX := Decimal, Constant := false, ExternalAccess := Read/Write)"
TAG,,Chilled_pump_B_status,"0=off$N1=running$N2=off-faulted$N3=LPA$N4=LPS","DINT","","(RADIX := Decimal, Constant := false, ExternalAccess := Read/Write)"
TAG,,Chilled_pump_C_availabe,"","BOOL","","(RADIX := Decimal, Constant := false, ExternalAccess := Read/Write)"
TAG,,Chilled_pump_C_HMI_status,"0=off$N1=hand$N2=auto","DINT","","(RADIX := Decimal, Constant := false, ExternalAccess := Read/Write)"
TAG,,Chilled_pump_C_low_pressure_delay,"","TIMER","","(Constant := false, ExternalAccess := Read/Write)"
TAG,,Chilled_pump_C_LPA_on,"","BOOL","","(RADIX := Decimal, Constant := false, ExternalAccess := Read/Write)"
TAG,,Chilled_pump_C_LPS,"","BOOL","","(RADIX := Decimal, Constant := false, ExternalAccess := Read/Write)"
TAG,,Chilled_pump_C_status,"0=off$N1=running$N2=off-faulted$N3=LPA$N4=LPS","DINT","","(RADIX := Decimal, Constant := false, ExternalAccess := Read/Write)"
TAG,,chilled_pump_LPA_no_source_id,"","BOOL","","(RADIX := Decimal, Constant := false, ExternalAccess := Read/Write)"
TAG,,Chilled_pump_pressure_recovery,"","TIMER","","(Constant := false, ExternalAccess := Read/Write)"
TAG,,Chilled_pump_run_all,"","BOOL","","(RADIX := Decimal, Constant := false, ExternalAccess := Read/Write)"
TAG,,chilled_pump_run_all_hold,"","TIMER","","(Constant := false, ExternalAccess := Read/Write)"
TAG,,Chilled_pump_sequence,"","DINT","","(RADIX := Decimal, Constant := false, ExternalAccess := Read/Write)"
TAG,,chilled_pump_seq_rot,"","COUNTER","","(Constant := false, ExternalAccess := Read/Write)"
TAG,,chilled_pump_swap_done,"","BOOL","","(RADIX := Decimal, Constant := false, ExternalAccess := Read/Write)"
TAG,,Chilled_system_HMI_LPA_enbable,"","BOOL","","(RADIX := Decimal, Constant := false, ExternalAccess := Read/Write)"
TAG,,Chilled_system_low_pressure,"","BOOL","","(RADIX := Decimal, Constant := false, ExternalAccess := Read/Write)"
TAG,,Chilled_system_low_pressure_delay,"","DINT","","(RADIX := Decimal, Constant := false, ExternalAccess := Read/Write)"
TAG,,chillers_3_in_operation,"","BOOL","","(RADIX := Decimal, Constant := false, ExternalAccess := Read/Write)"
TAG,,chillers_4_in_operation,"","BOOL","","(RADIX := Decimal, Constant := false, ExternalAccess := Read/Write)"
TAG,,chillers_4_in_operation_HMI,"","BOOL","","(RADIX := Decimal, Constant := false, ExternalAccess := Read/Write)"
TAG,,chillers_add_one,"","BOOL","","(RADIX := Decimal, Constant := false, ExternalAccess := Read/Write)"
TAG,,chillers_and_coolers_hours,"","COUNTER","","(Constant := false, ExternalAccess := Read/Write)"
TAG,,Chillers_autostart,"","BOOL","","(RADIX := Decimal, Constant := false, ExternalAccess := Read/Write)"
TAG,,Chillers_autostart_delay,"","TIMER","","(Constant := false, ExternalAccess := Read/Write)"
TAG,,Chillers_autostop_delay,"","TIMER","","(Constant := false, ExternalAccess := Read/Write)"
TAG,,chillers_drop_one,"","BOOL","","(RADIX := Decimal, Constant := false, ExternalAccess := Read/Write)"
TAG,,chiller_add_antirepeat_delay,"","TIMER","","(Constant := false, ExternalAccess := Read/Write)"
TAG,,chiller_add_delay,"","TIMER","","(Constant := false, ExternalAccess := Read/Write)"
TAG,,chiller_add_msecs,"","DINT","","(RADIX := Decimal, Constant := false, ExternalAccess := Read/Write)"
TAG,,chiller_add_seconds,"","DINT","","(RADIX := Decimal, Constant := false, ExternalAccess := Read/Write)"
TAG,,Chiller_A_available,"","BOOL","","(RADIX := Decimal, Constant := false, ExternalAccess := Read/Write)"
TAG,,Chiller_A_HMI_status,"0=off$N1=hand$N2=auto","DINT","","(RADIX := Decimal, Constant := false, ExternalAccess := Read/Write)"
TAG,,Chiller_A_status,"0=off 1=sys1run 2=sys2run 3=sys1/2run 4=faulted","DINT","","(RADIX := Decimal, Constant := false, ExternalAccess := Read/Write)"
TAG,,Chiller_B_available,"","BOOL","","(RADIX := Decimal, Constant := false, ExternalAccess := Read/Write)"
TAG,,Chiller_B_HMI_status,"0=off$N1=hand$N2=auto","DINT","","(RADIX := Decimal, Constant := false, ExternalAccess := Read/Write)"
TAG,,Chiller_B_status,"0=off 1=sys1run 2=sys2run 3=sys1%2run 4=faulted","DINT","","(RADIX := Decimal, Constant := false, ExternalAccess := Read/Write)"
TAG,,Chiller_C_available,"","BOOL","","(RADIX := Decimal, Constant := false, ExternalAccess := Read/Write)"
TAG,,Chiller_C_HMI_status,"0=off$N1=hand$N2=auto","DINT","","(RADIX := Decimal, Constant := false, ExternalAccess := Read/Write)"
TAG,,Chiller_C_status,"0=off 1=sys1run 2=sys2run 3=sys1%2run 4=faulted","DINT","","(RADIX := Decimal, Constant := false, ExternalAccess := Read/Write)"
TAG,,chiller_drop_anti_repeat_delay,"","TIMER","","(Constant := false, ExternalAccess := Read/Write)"
TAG,,chiller_drop_blocked,"","BOOL","","(RADIX := Decimal, Constant := false, ExternalAccess := Read/Write)"
TAG,,chiller_drop_delay,"","TIMER","","(Constant := false, ExternalAccess := Read/Write)"
TAG,,chiller_drop_msecs,"","DINT","","(RADIX := Decimal, Constant := false, ExternalAccess := Read/Write)"
TAG,,chiller_drop_seconds,"","DINT","","(RADIX := Decimal, Constant := false, ExternalAccess := Read/Write)"
TAG,,Chiller_D_available,"","BOOL","","(RADIX := Decimal, Constant := false, ExternalAccess := Read/Write)"
TAG,,Chiller_D_HMI_status,"0=off$N1=hand$N2=auto","DINT","","(RADIX := Decimal, Constant := false, ExternalAccess := Read/Write)"
TAG,,Chiller_D_status,"","DINT","","(RADIX := Decimal, Constant := false, ExternalAccess := Read/Write)"
TAG,,chiller_offset_disable,"","REAL","","(RADIX := Float, Constant := false, ExternalAccess := Read/Write)"
TAG,,chiller_offset_enable,"","REAL","","(RADIX := Float, Constant := false, ExternalAccess := Read/Write)"
TAG,,chiller_qty_to_run,"","DINT","","(RADIX := Decimal, Constant := false, ExternalAccess := Read/Write)"
TAG,,chiller_rot_done,"","BOOL","","(RADIX := Decimal, Constant := false, ExternalAccess := Read/Write)"
TAG,,chiller_sequence_1_dropone,"","BOOL","","(RADIX := Decimal, Constant := false, ExternalAccess := Read/Write)"
TAG,,chiller_sequence_2_dropone,"","BOOL","","(RADIX := Decimal, Constant := false, ExternalAccess := Read/Write)"
TAG,,chiller_sequence_3_dropone,"","BOOL","","(RADIX := Decimal, Constant := false, ExternalAccess := Read/Write)"
TAG,,chiller_sequence_4_dropone,"","BOOL","","(RADIX := Decimal, Constant := false, ExternalAccess := Read/Write)"
TAG,,chiller_sequence_counter,"","COUNTER","","(Constant := false, ExternalAccess := Read/Write)"
TAG,,Chiller_sequence_number,"","DINT","","(RADIX := Decimal, Constant := false, ExternalAccess := Read/Write)"
TAG,,Coolers_autostart,"","BOOL","","(RADIX := Decimal, Constant := false, ExternalAccess := Read/Write)"
TAG,,CPA_LP,"","BOOL","","(RADIX := Decimal, Constant := false, ExternalAccess := Read/Write)"
TAG,,CPB_LP,"","BOOL","","(RADIX := Decimal, Constant := false, ExternalAccess := Read/Write)"
ALIAS,,DC_Group_1_run,"","","output_io_buffered_6.3","(RADIX := Decimal, ExternalAccess := Read/Write)"
ALIAS,,DC_Group_2_run,"","","output_io_buffered_6.4","(RADIX := Decimal, ExternalAccess := Read/Write)"
ALIAS,,DC_Group_3_run,"","","output_io_buffered_6.5","(RADIX := Decimal, ExternalAccess := Read/Write)"
ALIAS,,DC_Group_4_run,"","","output_io_buffered_6.6","(RADIX := Decimal, ExternalAccess := Read/Write)"
ALIAS,,DC_Group_5_run,"","","output_io_buffered_6.7","(RADIX := Decimal, ExternalAccess := Read/Write)"
TAG,,Delay_process_pump_swap,"","TIMER","","(Constant := false, ExternalAccess := Read/Write)"
TAG,,Dry_coolers_autostart,"","BOOL","","(RADIX := Decimal, Constant := false, ExternalAccess := Read/Write)"
TAG,,Dry_coolers_autostart_delay,"","TIMER","","(Constant := false, ExternalAccess := Read/Write)"
TAG,,Dry_coolers_autostop_delay,"","TIMER","","(Constant := false, ExternalAccess := Read/Write)"
TAG,,dry_coolers_clear_steps,"","BOOL","","(RADIX := Decimal, Constant := false, ExternalAccess := Read/Write)"
TAG,,dry_coolers_fans_manual,"","BOOL","","(RADIX := Decimal, Constant := false, ExternalAccess := Read/Write)"
TAG,,dry_coolers_steps_to_run,"","DINT","","(RADIX := Decimal, Constant := false, ExternalAccess := Read/Write)"
TAG,,dry_cooler_addstep_delay,"","TIMER","","(Constant := false, ExternalAccess := Read/Write)"
TAG,,dry_cooler_add_step_delay_msec,"","DINT","","(RADIX := Decimal, Constant := false, ExternalAccess := Read/Write)"
TAG,,dry_cooler_add_step_delay_seconds,"","DINT","","(RADIX := Decimal, Constant := false, ExternalAccess := Read/Write)"
TAG,,dry_cooler_add_step_offset,"","REAL","","(RADIX := Float, Constant := false, ExternalAccess := Read/Write)"
TAG,,dry_cooler_add_step_toosmall,"","BOOL","","(RADIX := Decimal, Constant := false, ExternalAccess := Read/Write)"
TAG,,dry_cooler_ambient_offset_disable,"","REAL","","(RADIX := Float, Constant := false, ExternalAccess := Read/Write)"
TAG,,dry_cooler_ambient_offset_enable,"","REAL","","(RADIX := Float, Constant := false, ExternalAccess := Read/Write)"
TAG,,dry_cooler_ambient_offset_enable_max,"","REAL","","(RADIX := Float, Constant := false, ExternalAccess := Read/Write)"
TAG,,Dry_cooler_A_HMI_status,"0=off$N1=hand$N2=auto","DINT","","(RADIX := Decimal, Constant := false, ExternalAccess := Read/Write)"
TAG,,Dry_cooler_A_isBlocked,"","BOOL","","(RADIX := Decimal, Constant := false, ExternalAccess := Read/Write)"
ALIAS,,dry_cooler_A_not_faulted,"","","input_io_buffered_3.12","(RADIX := Decimal, ExternalAccess := Read/Write)"
TAG,,Dry_cooler_A_status,"0=Off 1=On","DINT","","(RADIX := Decimal, Constant := false, ExternalAccess := Read/Write)"
TAG,,dry_cooler_block_auto_steps1,"","BOOL","","(RADIX := Decimal, Constant := false, ExternalAccess := Read/Write)"
TAG,,dry_cooler_block_auto_steps2,"","BOOL","","(RADIX := Decimal, Constant := false, ExternalAccess := Read/Write)"
TAG,,Dry_cooler_B_HMI_status,"0=off$N1=hand$N2=auto","DINT","","(RADIX := Decimal, Constant := false, ExternalAccess := Read/Write)"
TAG,,Dry_cooler_B_isBlocked,"","BOOL","","(RADIX := Decimal, Constant := false, ExternalAccess := Read/Write)"
ALIAS,,dry_cooler_B_not_faulted,"","","input_io_buffered_3.13","(RADIX := Decimal, ExternalAccess := Read/Write)"
TAG,,Dry_cooler_B_status,"0=Off 1=On","DINT","","(RADIX := Decimal, Constant := false, ExternalAccess := Read/Write)"
TAG,,Dry_cooler_C_HMI_status,"0=off$N1=hand$N2=auto","DINT","","(RADIX := Decimal, Constant := false, ExternalAccess := Read/Write)"
TAG,,Dry_cooler_C_isBlocked,"","BOOL","","(RADIX := Decimal, Constant := false, ExternalAccess := Read/Write)"
ALIAS,,dry_cooler_C_not_faulted,"","","input_io_buffered_3.14","(RADIX := Decimal, ExternalAccess := Read/Write)"
TAG,,Dry_cooler_C_status,"","DINT","","(RADIX := Decimal, Constant := false, ExternalAccess := Read/Write)"
TAG,,dry_cooler_disable_temp_toohigh,"","BOOL","","(RADIX := Decimal, Constant := false, ExternalAccess := Read/Write)"
TAG,,dry_cooler_drop_step_delay_msec,"","DINT","","(RADIX := Decimal, Constant := false, ExternalAccess := Read/Write)"
TAG,,dry_cooler_drop_step_delay_seconds,"","DINT","","(RADIX := Decimal, Constant := false, ExternalAccess := Read/Write)"
TAG,,dry_cooler_drop_step_offset,"","REAL","","(RADIX := Float, Constant := false, ExternalAccess := Read/Write)"
TAG,,dry_cooler_drop_step_toosmall,"","BOOL","","(RADIX := Decimal, Constant := false, ExternalAccess := Read/Write)"
TAG,,dry_cooler_enable_temp_toohigh,"","BOOL","","(RADIX := Decimal, Constant := false, ExternalAccess := Read/Write)"
TAG,,dry_cooler_HMI_hand_set_off,"","BOOL","","(RADIX := Decimal, Constant := false, ExternalAccess := Read/Write)"
TAG,,Dry_cooler_HMI_hand_set_on,"","BOOL","","(RADIX := Decimal, Constant := false, ExternalAccess := Read/Write)"
TAG,,dry_cooler_inhibited_hi_ambient,"","BOOL","","(RADIX := Decimal, Constant := false, ExternalAccess := Read/Write)"
TAG,,dry_cooler_rot_done,"","BOOL","","(RADIX := Decimal, Constant := false, ExternalAccess := Read/Write)"
TAG,,dry_cooler_sequence_counter,"","COUNTER","","(Constant := false, ExternalAccess := Read/Write)"
TAG,,Dry_cooler_sequence_number,"","DINT","","(RADIX := Decimal, Constant := false, ExternalAccess := Read/Write)"
TAG,,dry_coooler_dropstep_delay,"","TIMER","","(Constant := false, ExternalAccess := Read/Write)"
TAG,,HMI_autostart,"","BOOL","","(RADIX := Decimal, Constant := false, ExternalAccess := Read/Write)"
TAG,,HMI_autostop,"","BOOL","","(RADIX := Decimal, Constant := false, ExternalAccess := Read/Write)"
TAG,,HMI_reset_hold,"","TIMER","","(Constant := false, ExternalAccess := Read/Write)"
TAG,,HMI_reset_press,"","BOOL","","(RADIX := Decimal, Constant := false, ExternalAccess := Read/Write)"
TAG,,HMI_show_hi_setpoint,"","BOOL","","(RADIX := Decimal, Constant := false, ExternalAccess := Read/Write)"
TAG,,HMI_silence_press,"","BOOL","","(RADIX := Decimal, Constant := false, ExternalAccess := Read/Write)"
TAG,,HMI_update_run_hour_totals,"","BOOL","","(RADIX := Decimal, Constant := false, ExternalAccess := Read/Write)"
TAG,,input_io_buffered_1,"buffered input slot 1","DINT","","(RADIX := Decimal, Constant := false, ExternalAccess := Read/Write)"
COMMENT,,input_io_buffered_1,"MANUAL SYSTEM STOP PB",,"input_io_buffered_1.0"
COMMENT,,input_io_buffered_1,"Chiller Pump A Run Confirmation Contactor C1 fdbk",,"input_io_buffered_1.1"
COMMENT,,input_io_buffered_1,"Chiller Pump A Overload Relay 1",,"input_io_buffered_1.2"
COMMENT,,input_io_buffered_1,"Chiller Pump A Low Differential Pressure Switch PS1",,"input_io_buffered_1.3"
COMMENT,,input_io_buffered_1,"Chiller Pump B Run Confirmation Contactor C2 fdbk",,"input_io_buffered_1.4"
COMMENT,,input_io_buffered_1,"Chiller Pump B Overload Relay 2",,"input_io_buffered_1.5"
COMMENT,,input_io_buffered_1,"Chiller Pump B Low Differential Pressure Switch PS2",,"input_io_buffered_1.6"
COMMENT,,input_io_buffered_1,"Chiller Pump C Run Confirmation Contactor C3 fdbk",,"input_io_buffered_1.7"
COMMENT,,input_io_buffered_1,"Chiller Pump C Overload Relay 3",,"input_io_buffered_1.8"
COMMENT,,input_io_buffered_1,"Chiller Pump C Low Differential Pressure Switch PS3",,"input_io_buffered_1.9"
COMMENT,,input_io_buffered_1,"Process Pump A Run Confirmation$NContactor C4 fdbk",,"input_io_buffered_1.10"
COMMENT,,input_io_buffered_1,"Process Pump A Overload Relay 4",,"input_io_buffered_1.11"
COMMENT,,input_io_buffered_1,"Process Pump A Low Differential Pressure Switch PS4",,"input_io_buffered_1.12"
COMMENT,,input_io_buffered_1,"Process Pump B Run Confirmation Contactor C5 fdbk",,"input_io_buffered_1.13"
COMMENT,,input_io_buffered_1,"Process Pump B Overload Relay 5",,"input_io_buffered_1.14"
COMMENT,,input_io_buffered_1,"Process Pump B Low Differential Pressure Switch PS5",,"input_io_buffered_1.15"
COMMENT,,input_io_buffered_1,"no input",,"input_io_buffered_1.16"
COMMENT,,input_io_buffered_1,"no input",,"input_io_buffered_1.17"
COMMENT,,input_io_buffered_1,"no input",,"input_io_buffered_1.18"
COMMENT,,input_io_buffered_1,"no input",,"input_io_buffered_1.19"
COMMENT,,input_io_buffered_1,"no input",,"input_io_buffered_1.20"
COMMENT,,input_io_buffered_1,"no input",,"input_io_buffered_1.21"
COMMENT,,input_io_buffered_1,"no input",,"input_io_buffered_1.22"
COMMENT,,input_io_buffered_1,"no input",,"input_io_buffered_1.23"
COMMENT,,input_io_buffered_1,"no input",,"input_io_buffered_1.24"
COMMENT,,input_io_buffered_1,"no input",,"input_io_buffered_1.25"
COMMENT,,input_io_buffered_1,"no input",,"input_io_buffered_1.26"
COMMENT,,input_io_buffered_1,"no input",,"input_io_buffered_1.27"
COMMENT,,input_io_buffered_1,"no input",,"input_io_buffered_1.28"
COMMENT,,input_io_buffered_1,"no input",,"input_io_buffered_1.29"
COMMENT,,input_io_buffered_1,"no input",,"input_io_buffered_1.30"
COMMENT,,input_io_buffered_1,"no input",,"input_io_buffered_1.31"
TAG,,input_io_buffered_2,"buffered input slot 2","DINT","","(RADIX := Decimal, Constant := false, ExternalAccess := Read/Write)"
COMMENT,,input_io_buffered_2,"Process Pump C Run Confirmation Contactor C6 fdbk",,"input_io_buffered_2.0"
COMMENT,,input_io_buffered_2,"Process Pump C Overload Relay 6",,"input_io_buffered_2.1"
COMMENT,,input_io_buffered_2,"Process Pump C Low Differential Pressure Switch PS6",,"input_io_buffered_2.2"
COMMENT,,input_io_buffered_2,"Chiller A System ONE Running",,"input_io_buffered_2.3"
COMMENT,,input_io_buffered_2,"Chiller A System TWO Running",,"input_io_buffered_2.4"
COMMENT,,input_io_buffered_2,"Chiller A Call For Pump",,"input_io_buffered_2.5"
COMMENT,,input_io_buffered_2,"Chiller A Fault Signal$N(open on fault)",,"input_io_buffered_2.6"
COMMENT,,input_io_buffered_2,"Chiller B System ONE Running",,"input_io_buffered_2.7"
COMMENT,,input_io_buffered_2,"Chiller B System TWO Running",,"input_io_buffered_2.8"
COMMENT,,input_io_buffered_2,"Chiller B Call For Pump",,"input_io_buffered_2.9"
COMMENT,,input_io_buffered_2,"Chiller B Fault Signal$N(open on fault)",,"input_io_buffered_2.10"
COMMENT,,input_io_buffered_2,"Chiller C System ONE Running",,"input_io_buffered_2.11"
COMMENT,,input_io_buffered_2,"Chiller C System TWO Running",,"input_io_buffered_2.12"
COMMENT,,input_io_buffered_2,"Chiller C Call For Pump",,"input_io_buffered_2.13"
COMMENT,,input_io_buffered_2,"Chiller C Fault Signal$N(open on fault)",,"input_io_buffered_2.14"
COMMENT,,input_io_buffered_2,"MAIN BREAKER TRIPPED OR OFF",,"input_io_buffered_2.15"
COMMENT,,input_io_buffered_2,"no input",,"input_io_buffered_2.16"
COMMENT,,input_io_buffered_2,"no input",,"input_io_buffered_2.17"
COMMENT,,input_io_buffered_2,"no input",,"input_io_buffered_2.18"
COMMENT,,input_io_buffered_2,"no input",,"input_io_buffered_2.19"
COMMENT,,input_io_buffered_2,"no input",,"input_io_buffered_2.20"
COMMENT,,input_io_buffered_2,"no input",,"input_io_buffered_2.21"
COMMENT,,input_io_buffered_2,"no input",,"input_io_buffered_2.22"
COMMENT,,input_io_buffered_2,"no input",,"input_io_buffered_2.23"
COMMENT,,input_io_buffered_2,"no input",,"input_io_buffered_2.24"
COMMENT,,input_io_buffered_2,"no input",,"input_io_buffered_2.25"
COMMENT,,input_io_buffered_2,"no input",,"input_io_buffered_2.26"
COMMENT,,input_io_buffered_2,"no input",,"input_io_buffered_2.27"
COMMENT,,input_io_buffered_2,"no input",,"input_io_buffered_2.28"
COMMENT,,input_io_buffered_2,"no input",,"input_io_buffered_2.29"
COMMENT,,input_io_buffered_2,"no input",,"input_io_buffered_2.30"
COMMENT,,input_io_buffered_2,"no input",,"input_io_buffered_2.31"
TAG,,input_io_buffered_3,"buffered input slot 3","DINT","","(RADIX := Decimal, Constant := false, ExternalAccess := Read/Write)"
COMMENT,,input_io_buffered_3,"Chiller D System ONE Running",,"input_io_buffered_3.0"
COMMENT,,input_io_buffered_3,"Chiller D System TWO Running",,"input_io_buffered_3.1"
COMMENT,,input_io_buffered_3,"Chiller D Call For Pump",,"input_io_buffered_3.2"
COMMENT,,input_io_buffered_3,"Chiller D Fault Signal$N(open on fault)",,"input_io_buffered_3.3"
COMMENT,,input_io_buffered_3,"DRY COOLER A ENABLE RELAY ER1",,"input_io_buffered_3.4"
COMMENT,,input_io_buffered_3,"DRY COOLER B ENABLE RELAY ER2",,"input_io_buffered_3.5"
COMMENT,,input_io_buffered_3,"DRY COOLER C ENABLE RELAY ER3",,"input_io_buffered_3.6"
COMMENT,,input_io_buffered_3,"Dry Cooling Fan Group ONE Confimation",,"input_io_buffered_3.7"
COMMENT,,input_io_buffered_3,"Dry Cooling Fan Group TWO Confirmation",,"input_io_buffered_3.8"
COMMENT,,input_io_buffered_3,"Dry Cooling Fan Group THREE Confirmation",,"input_io_buffered_3.9"
COMMENT,,input_io_buffered_3,"Dry Cooling Fan Group FOUR Confirmation",,"input_io_buffered_3.10"
COMMENT,,input_io_buffered_3,"Dry Cooling Fan Group FIVE Confirmation",,"input_io_buffered_3.11"
COMMENT,,input_io_buffered_3,"Dry Cooling A Fault Signal",,"input_io_buffered_3.12"
COMMENT,,input_io_buffered_3,"Dry Cooling B Fault Signal",,"input_io_buffered_3.13"
COMMENT,,input_io_buffered_3,"Dry Cooling C Fault Signal",,"input_io_buffered_3.14"
COMMENT,,input_io_buffered_3,"Actual Spare",,"input_io_buffered_3.15"
COMMENT,,input_io_buffered_3,"no input",,"input_io_buffered_3.16"
COMMENT,,input_io_buffered_3,"no input",,"input_io_buffered_3.17"
COMMENT,,input_io_buffered_3,"no input",,"input_io_buffered_3.18"
COMMENT,,input_io_buffered_3,"no input",,"input_io_buffered_3.19"
COMMENT,,input_io_buffered_3,"no input",,"input_io_buffered_3.20"
COMMENT,,input_io_buffered_3,"no input",,"input_io_buffered_3.21"
COMMENT,,input_io_buffered_3,"no input",,"input_io_buffered_3.22"
COMMENT,,input_io_buffered_3,"no input",,"input_io_buffered_3.23"
COMMENT,,input_io_buffered_3,"no input",,"input_io_buffered_3.24"
COMMENT,,input_io_buffered_3,"no input",,"input_io_buffered_3.25"
COMMENT,,input_io_buffered_3,"no input",,"input_io_buffered_3.26"
COMMENT,,input_io_buffered_3,"no input",,"input_io_buffered_3.27"
COMMENT,,input_io_buffered_3,"no input",,"input_io_buffered_3.28"
COMMENT,,input_io_buffered_3,"no input",,"input_io_buffered_3.29"
COMMENT,,input_io_buffered_3,"no input",,"input_io_buffered_3.30"
COMMENT,,input_io_buffered_3,"no input",,"input_io_buffered_3.31"
TAG,,input_io_buffered_4,"buffered input slot 4","DINT","","(RADIX := Decimal, Constant := false, ExternalAccess := Read/Write)"
COMMENT,,input_io_buffered_4,"Process Pumps Outlet Low System Pressure$NPS7A",,"input_io_buffered_4.0"
COMMENT,,input_io_buffered_4,"Process Pumps Outlet High System Pressure PS7B",,"input_io_buffered_4.1"
COMMENT,,input_io_buffered_4,"Suction Pressure Low$NPS8A",,"input_io_buffered_4.2"
COMMENT,,input_io_buffered_4,"Suction Pressure Liquid Add to System PS8B",,"input_io_buffered_4.3"
COMMENT,,input_io_buffered_4,"Premix Tank Low Level$N(close on low level)",,"input_io_buffered_4.4"
COMMENT,,input_io_buffered_4,"High Enclosure Temperature$NTS2$N(closes on high temp)",,"input_io_buffered_4.5"
COMMENT,,input_io_buffered_4,"Remote Alarm Silence Button",,"input_io_buffered_4.6"
COMMENT,,input_io_buffered_4,"Chiller Valve A Open Confirmation",,"input_io_buffered_4.7"
COMMENT,,input_io_buffered_4,"Chiller Valve A Closed Confirmation",,"input_io_buffered_4.8"
COMMENT,,input_io_buffered_4,"Chiller Valve B Open Confirmation",,"input_io_buffered_4.9"
COMMENT,,input_io_buffered_4,"Chiller Valve B Closed Confirmation",,"input_io_buffered_4.10"
COMMENT,,input_io_buffered_4,"Chiller Valve C Open Confirmation",,"input_io_buffered_4.11"
COMMENT,,input_io_buffered_4,"Chiller Valve C Closed Confimation",,"input_io_buffered_4.12"
COMMENT,,input_io_buffered_4,"Chiller Valve D Open Confirmation",,"input_io_buffered_4.13"
COMMENT,,input_io_buffered_4,"Chiller Valve D Closed Confirmation",,"input_io_buffered_4.14"
COMMENT,,input_io_buffered_4,"Actual Spare",,"input_io_buffered_4.15"
COMMENT,,input_io_buffered_4,"no input",,"input_io_buffered_4.16"
COMMENT,,input_io_buffered_4,"no input",,"input_io_buffered_4.17"
COMMENT,,input_io_buffered_4,"no input",,"input_io_buffered_4.18"
COMMENT,,input_io_buffered_4,"no input",,"input_io_buffered_4.19"
COMMENT,,input_io_buffered_4,"no input",,"input_io_buffered_4.20"
COMMENT,,input_io_buffered_4,"no input",,"input_io_buffered_4.21"
COMMENT,,input_io_buffered_4,"no input",,"input_io_buffered_4.22"
COMMENT,,input_io_buffered_4,"no input",,"input_io_buffered_4.23"
COMMENT,,input_io_buffered_4,"no input",,"input_io_buffered_4.24"
COMMENT,,input_io_buffered_4,"no input",,"input_io_buffered_4.25"
COMMENT,,input_io_buffered_4,"no input",,"input_io_buffered_4.26"
COMMENT,,input_io_buffered_4,"no input",,"input_io_buffered_4.27"
COMMENT,,input_io_buffered_4,"no input",,"input_io_buffered_4.28"
COMMENT,,input_io_buffered_4,"no input",,"input_io_buffered_4.29"
COMMENT,,input_io_buffered_4,"no input",,"input_io_buffered_4.30"
COMMENT,,input_io_buffered_4,"no input",,"input_io_buffered_4.31"
TAG,,jr_test,"","BOOL","","(RADIX := Decimal, Constant := false, ExternalAccess := Read/Write)"
TAG,,local_date_time,"plc date time","DINT[7]","","(RADIX := Decimal, Constant := false, ExternalAccess := Read/Write)"
TAG,,MainSwitchON,"","BOOL","","(RADIX := Decimal, Constant := false, ExternalAccess := Read/Write)"
TAG,,Makeup_valve_HMI_status,"","DINT","","(RADIX := Decimal, Constant := false, ExternalAccess := Read/Write)"
TAG,,make_up_valve_HMI_source,"","DINT","","(RADIX := Decimal, Constant := false, ExternalAccess := Read/Write)"
TAG,,mixing_valve,"","PID","","(Constant := false, ExternalAccess := Read/Write)"
TAG,,mixing_valve_2to10,"","REAL","","(RADIX := Float, Constant := false, ExternalAccess := Read/Write)"
TAG,,mixing_valve_inmanual,"","BOOL","","(RADIX := Decimal, Constant := false, ExternalAccess := Read/Write)"
TAG,,mixing_valve_manual_position,"","REAL","","(RADIX := Float, Constant := false, ExternalAccess := Read/Write)"
TAG,,mixing_valve_signal,"","REAL","","(RADIX := Float, Constant := false, ExternalAccess := Read/Write)"
TAG,,Mixing_vavlve_manual,"","DINT","","(RADIX := Decimal, Constant := false, ExternalAccess := Read/Write)"
TAG,,no_chiller_runs,"","BOOL","","(RADIX := Decimal, Constant := false, ExternalAccess := Read/Write)"
TAG,,One_Process_Pump_Running,"","BOOL","","(RADIX := Decimal, Constant := false, ExternalAccess := Read/Write)"
TAG,,output_io_buffered_5,"buffered output slot 5","INT","","(RADIX := Decimal, Constant := false, ExternalAccess := Read/Write)"
COMMENT,,output_io_buffered_5,"Chilled Pump A Run",,"output_io_buffered_5.0"
COMMENT,,output_io_buffered_5,"Chilled Pump B Run",,"output_io_buffered_5.1"
COMMENT,,output_io_buffered_5,"Chilled Pump C Run",,"output_io_buffered_5.2"
COMMENT,,output_io_buffered_5,"Process Pump A Run",,"output_io_buffered_5.3"
COMMENT,,output_io_buffered_5,"Process Pump B Run",,"output_io_buffered_5.4"
COMMENT,,output_io_buffered_5,"Process Pump C Run",,"output_io_buffered_5.5"
COMMENT,,output_io_buffered_5,"Chiller A Run",,"output_io_buffered_5.6"
COMMENT,,output_io_buffered_5,"Chiller B Run",,"output_io_buffered_5.7"
COMMENT,,output_io_buffered_5,"Chiller C Run",,"output_io_buffered_5.8"
COMMENT,,output_io_buffered_5,"Chiller D Run",,"output_io_buffered_5.9"
COMMENT,,output_io_buffered_5,"Chiller A Valve Control",,"output_io_buffered_5.10"
COMMENT,,output_io_buffered_5,"Chiller B Valve Control",,"output_io_buffered_5.11"
COMMENT,,output_io_buffered_5,"Chiller C Valve Control",,"output_io_buffered_5.12"
COMMENT,,output_io_buffered_5,"Chiller D Valve Control",,"output_io_buffered_5.13"
COMMENT,,output_io_buffered_5,"Actual Spare",,"output_io_buffered_5.14"
COMMENT,,output_io_buffered_5,"Actual Spare",,"output_io_buffered_5.15"
TAG,,output_io_buffered_6,"buffered output slot 6","INT","","(RADIX := Decimal, Constant := false, ExternalAccess := Read/Write)"
COMMENT,,output_io_buffered_6,"Dry Cooler A MCR",,"output_io_buffered_6.0"
COMMENT,,output_io_buffered_6,"Dry Cooler B MCR",,"output_io_buffered_6.1"
COMMENT,,output_io_buffered_6,"Dry Cooler C MCR",,"output_io_buffered_6.2"
COMMENT,,output_io_buffered_6,"Dry Cooler Fan Group ONE Confirmation Relay",,"output_io_buffered_6.3"
COMMENT,,output_io_buffered_6,"Dry Cooler Fan Group TWO Confirmation Relay",,"output_io_buffered_6.4"
COMMENT,,output_io_buffered_6,"Dry Cooler Fan Group THREE Confirmation Relay",,"output_io_buffered_6.5"
COMMENT,,output_io_buffered_6,"Dry Cooler Fan Group FOUR Confirmation Relay",,"output_io_buffered_6.6"
COMMENT,,output_io_buffered_6,"Dry Cooler Fan Group FIVE Confirmation Relay",,"output_io_buffered_6.7"
COMMENT,,output_io_buffered_6,"Add Water Control Relay",,"output_io_buffered_6.8"
COMMENT,,output_io_buffered_6,"Add Premix Control Relay",,"output_io_buffered_6.9"
COMMENT,,output_io_buffered_6,"Audible Alarm",,"output_io_buffered_6.10"
COMMENT,,output_io_buffered_6,"All Good Green Light$N(no alarms)",,"output_io_buffered_6.11"
COMMENT,,output_io_buffered_6,"System in Auto$N(blue light)",,"output_io_buffered_6.12"
COMMENT,,output_io_buffered_6,"Fault Light$N(red light)",,"output_io_buffered_6.13"
COMMENT,,output_io_buffered_6,"Remote Alarm Light$N(R13)",,"output_io_buffered_6.14"
COMMENT,,output_io_buffered_6,"Remote Alarm Horn$N(R14)",,"output_io_buffered_6.15"
TAG,,PPA_LP,"","BOOL","","(RADIX := Decimal, Constant := false, ExternalAccess := Read/Write)"
TAG,,PPB_LP,"","BOOL","","(RADIX := Decimal, Constant := false, ExternalAccess := Read/Write)"
TAG,,process_low_pressure_input_delay,"","DINT","","(RADIX := Decimal, Constant := false, ExternalAccess := Read/Write)"
TAG,,Process_pumps_autostart,"","BOOL","","(RADIX := Decimal, Constant := false, ExternalAccess := Read/Write)"
TAG,,Process_pump_autostart_delay,"","TIMER","","(Constant := false, ExternalAccess := Read/Write)"
TAG,,Process_pump_autostop_delay,"","TIMER","","(Constant := false, ExternalAccess := Read/Write)"
TAG,,Process_pump_A_availabe,"","BOOL","","(RADIX := Decimal, Constant := false, ExternalAccess := Read/Write)"
TAG,,Process_pump_A_available,"","BOOL","","(RADIX := Decimal, Constant := false, ExternalAccess := Read/Write)"
TAG,,Process_pump_A_HMI_status,"0=off$N1=hand$N2=auto","DINT","","(RADIX := Decimal, Constant := false, ExternalAccess := Read/Write)"
TAG,,Process_pump_A_leadlag,"","DINT","","(RADIX := Decimal, Constant := false, ExternalAccess := Read/Write)"
TAG,,Process_pump_A_leadtolag_overlap,"","TIMER","","(Constant := false, ExternalAccess := Read/Write)"
TAG,,Process_pump_A_low_pressure_delay,"","TIMER","","(Constant := false, ExternalAccess := Read/Write)"
TAG,,Process_pump_A_LPA_on,"","BOOL","","(RADIX := Decimal, Constant := false, ExternalAccess := Read/Write)"
TAG,,Process_pump_A_LPS,"","BOOL","","(RADIX := Decimal, Constant := false, ExternalAccess := Read/Write)"
TAG,,process_pump_A_LPswap_overlap,"","TIMER","","(Constant := false, ExternalAccess := Read/Write)"
TAG,,Process_pump_A_overlap_done,"","BOOL","","(RADIX := Decimal, Constant := false, ExternalAccess := Read/Write)"
TAG,,Process_pump_A_status,"0=off$N1=running$N2=off-faulted$N3=LPA$N4=LPS","DINT","","(RADIX := Decimal, Constant := false, ExternalAccess := Read/Write)"
TAG,,Process_pump_B_availabe,"","BOOL","","(RADIX := Decimal, Constant := false, ExternalAccess := Read/Write)"
TAG,,Process_pump_B_available,"","BOOL","","(RADIX := Decimal, Constant := false, ExternalAccess := Read/Write)"
TAG,,Process_pump_B_HMI_status,"0=off$N1=hand$N2=auto","DINT","","(RADIX := Decimal, Constant := false, ExternalAccess := Read/Write)"
TAG,,Process_pump_B_leadlag,"","DINT","","(RADIX := Decimal, Constant := false, ExternalAccess := Read/Write)"
TAG,,Process_pump_B_leadtolag_overlap,"","TIMER","","(Constant := false, ExternalAccess := Read/Write)"
TAG,,Process_pump_B_low_pressure_delay,"","TIMER","","(Constant := false, ExternalAccess := Read/Write)"
TAG,,Process_pump_B_LPA_on,"","BOOL","","(RADIX := Decimal, Constant := false, ExternalAccess := Read/Write)"
TAG,,Process_pump_B_LPS,"","BOOL","","(RADIX := Decimal, Constant := false, ExternalAccess := Read/Write)"
TAG,,process_pump_B_LPswap_overlap,"","TIMER","","(Constant := false, ExternalAccess := Read/Write)"
TAG,,Process_pump_B_overlap_done,"","BOOL","","(RADIX := Decimal, Constant := false, ExternalAccess := Read/Write)"
TAG,,Process_pump_B_status,"0=off$N1=running$N2=off-faulted$N3=LPA$N4=LPS","DINT","","(RADIX := Decimal, Constant := false, ExternalAccess := Read/Write)"
TAG,,Process_pump_C_available,"","BOOL","","(RADIX := Decimal, Constant := false, ExternalAccess := Read/Write)"
TAG,,Process_pump_C_HMI_status,"0=off$N1=hand$N2=auto","DINT","","(RADIX := Decimal, Constant := false, ExternalAccess := Read/Write)"
TAG,,Process_pump_C_low_pressure_delay,"","TIMER","","(Constant := false, ExternalAccess := Read/Write)"
TAG,,Process_pump_C_LPA_on,"","BOOL","","(RADIX := Decimal, Constant := false, ExternalAccess := Read/Write)"
TAG,,Process_pump_C_LPS,"","BOOL","","(RADIX := Decimal, Constant := false, ExternalAccess := Read/Write)"
TAG,,Process_pump_C_status,"0=off$N1=running$N2=off-faulted$N3=LPA$N4=LPS","DINT","","(RADIX := Decimal, Constant := false, ExternalAccess := Read/Write)"
TAG,,Process_pump_LPA_no_source_id,"","BOOL","","(RADIX := Decimal, Constant := false, ExternalAccess := Read/Write)"
TAG,,Process_pump_pressure_recovery,"","TIMER","","(Constant := false, ExternalAccess := Read/Write)"
TAG,,Process_pump_run_all,"","BOOL","","(RADIX := Decimal, Constant := false, ExternalAccess := Read/Write)"
TAG,,Process_pump_run_all_hold,"","TIMER","","(Constant := false, ExternalAccess := Read/Write)"
TAG,,Process_pump_sequence,"","DINT","","(RADIX := Decimal, Constant := false, ExternalAccess := Read/Write)"
TAG,,process_pump_seq_rot,"","COUNTER","","(Constant := false, ExternalAccess := Read/Write)"
TAG,,Process_pump_swap_done,"","BOOL","","(RADIX := Decimal, Constant := false, ExternalAccess := Read/Write)"
TAG,,Process_system_HMI_LPA_enable,"","BOOL","","(RADIX := Decimal, Constant := false, ExternalAccess := Read/Write)"
TAG,,pump_leadlag_list,"","DINT[4]","","(RADIX := Decimal, Constant := false, ExternalAccess := Read/Write)"
TAG,,pump_leadlag_list_read,"","BOOL","","(RADIX := Decimal, Constant := false, ExternalAccess := Read/Write)"
TAG,,pump_lpa_ons,"","BOOL[32]","","(RADIX := Decimal, Constant := false, ExternalAccess := Read/Write)"
TAG,,quickpumpswap,"","BOOL","","(RADIX := Decimal, Constant := false, ExternalAccess := Read/Write)"
TAG,,read_leadlag_list,"","BOOL","","(RADIX := Decimal, Constant := false, ExternalAccess := Read/Write)"
ALIAS,,red_strobe,"","","output_io_buffered_6.13","(RADIX := Decimal, ExternalAccess := Read/Write)"
TAG,,rtd_input_ch0data,"Process Supply Water Temperature","INT","","(RADIX := Decimal, Constant := false, ExternalAccess := Read/Write)"
TAG,,rtd_input_ch1data,"Process Return Water Temperature","INT","","(RADIX := Decimal, Constant := false, ExternalAccess := Read/Write)"
TAG,,rtd_input_ch2data,"Ambient Air Temperature","INT","","(RADIX := Decimal, Constant := false, ExternalAccess := Read/Write)"
TAG,,rtd_input_ch3data,"Dry Cooler Outlet Water Temperature","INT","","(RADIX := Decimal, Constant := false, ExternalAccess := Read/Write)"
TAG,,rtd_input_status,"","SINT","","(RADIX := Decimal, Constant := false, ExternalAccess := Read/Write)"
TAG,,run_hours_chillers_and_coolers_perp,"","DINT","","(RADIX := Decimal, Constant := false, ExternalAccess := Read/Write)"
TAG,,run_hours_chiller_A_systems,"","DINT","","(RADIX := Decimal, Constant := false, ExternalAccess := Read/Write)"
TAG,,run_hours_chiller_B_systems,"","DINT","","(RADIX := Decimal, Constant := false, ExternalAccess := Read/Write)"
TAG,,run_hours_chiller_systems_perp,"","DINT","","(RADIX := Decimal, Constant := false, ExternalAccess := Read/Write)"
TAG,,run_hours_chiller_systems_perp_norm,"","DINT","","(RADIX := Decimal, Constant := false, ExternalAccess := Read/Write)"
TAG,,run_hours_confirm,"","BOOL","","(RADIX := Decimal, Constant := false, ExternalAccess := Read/Write)"
TAG,,run_hours_dry_cooler_fans_perp,"","DINT","","(RADIX := Decimal, Constant := false, ExternalAccess := Read/Write)"
TAG,,run_hours_reset,"","BOOL","","(RADIX := Decimal, Constant := false, ExternalAccess := Read/Write)"
TAG,,run_hours_summary_calc,"","BOOL","","(RADIX := Decimal, Constant := false, ExternalAccess := Read/Write)"
TAG,,run_hours_system_in_auto,"","DINT","","(RADIX := Decimal, Constant := false, ExternalAccess := Read/Write)"
TAG,,run_hours_system_in_auto_perp,"","DINT","","(RADIX := Decimal, Constant := false, ExternalAccess := Read/Write)"
TAG,,run_time_counters,"Chillers and cooler tenths","COUNTER[36]","","(Constant := false, ExternalAccess := Read/Write)"
COMMENT,,run_time_counters,"System in auto tenths",,"run_time_counters[0]"
COMMENT,,run_time_counters,"System in auto hours",,"run_time_counters[1]"
COMMENT,,run_time_counters,"Chiller A system 1 tenths",,"run_time_counters[2]"
COMMENT,,run_time_counters,"Chiller A system 1 hours",,"run_time_counters[3]"
COMMENT,,run_time_counters,"Chiller A system 2 tenths",,"run_time_counters[4]"
COMMENT,,run_time_counters,"Chiller A system 2 hours",,"run_time_counters[5]"
COMMENT,,run_time_counters,"Chiller B system 1 tenths",,"run_time_counters[6]"
COMMENT,,run_time_counters,"Chiller B system 1 hours",,"run_time_counters[7]"
COMMENT,,run_time_counters,"Chiller B system 2 tenths",,"run_time_counters[8]"
COMMENT,,run_time_counters,"Chiller B system 2 hours",,"run_time_counters[9]"
COMMENT,,run_time_counters,"Chiller C system 1 tenths",,"run_time_counters[10]"
COMMENT,,run_time_counters,"Chiller C system 1 hours",,"run_time_counters[11]"
COMMENT,,run_time_counters,"Chiller C system 2 tenths",,"run_time_counters[12]"
COMMENT,,run_time_counters,"Chiller C system 2 hours",,"run_time_counters[13]"
COMMENT,,run_time_counters,"DC Group 1 tenths",,"run_time_counters[14]"
COMMENT,,run_time_counters,"DC Group 1 hours",,"run_time_counters[15]"
COMMENT,,run_time_counters,"DC Group 2 tenths",,"run_time_counters[16]"
COMMENT,,run_time_counters,"DC Group 2 hours",,"run_time_counters[17]"
COMMENT,,run_time_counters,"DC Group 3 tenths",,"run_time_counters[18]"
COMMENT,,run_time_counters,"DC Group 3 hours",,"run_time_counters[19]"
COMMENT,,run_time_counters,"DC Group 4 tenths",,"run_time_counters[20]"
COMMENT,,run_time_counters,"DC Group 4 hours",,"run_time_counters[21]"
COMMENT,,run_time_counters,"DC Group 5 tenths",,"run_time_counters[22]"
COMMENT,,run_time_counters,"DC Group 5 hours",,"run_time_counters[23]"
COMMENT,,run_time_counters,"DC Group 6 tenths",,"run_time_counters[24]"
COMMENT,,run_time_counters,"DC Group 6 hours",,"run_time_counters[25]"
COMMENT,,run_time_counters,"System in auto total",,"run_time_counters[26]"
COMMENT,,run_time_counters,"Chiller A total",,"run_time_counters[27]"
COMMENT,,run_time_counters,"Chiller B total",,"run_time_counters[28]"
COMMENT,,run_time_counters,"Dry coolers total",,"run_time_counters[29]"
COMMENT,,run_time_counters,"Chillers and coolers tenths",,"run_time_counters[30]"
COMMENT,,run_time_counters,"Chillers and coolers hours",,"run_time_counters[31]"
TAG,,run_time_resets,"HMI confirm reset","BOOL[64]","","(RADIX := Decimal, Constant := false, ExternalAccess := Read/Write)"
COMMENT,,run_time_resets,"HMI reset CH-A1",,"run_time_resets[0]"
COMMENT,,run_time_resets,"hold reset CH-A1",,"run_time_resets[1]"
COMMENT,,run_time_resets,"HMI reset CH-A2",,"run_time_resets[2]"
COMMENT,,run_time_resets,"hold reset CH-A2",,"run_time_resets[3]"
COMMENT,,run_time_resets,"HMI reset CH-B1",,"run_time_resets[4]"
COMMENT,,run_time_resets,"hold reset CH-B1",,"run_time_resets[5]"
COMMENT,,run_time_resets,"HMI reset CH-B2",,"run_time_resets[6]"
COMMENT,,run_time_resets,"hold reset CH-B2",,"run_time_resets[7]"
COMMENT,,run_time_resets,"HMI reset CH-C1",,"run_time_resets[8]"
COMMENT,,run_time_resets,"hold reset CH-C1",,"run_time_resets[9]"
COMMENT,,run_time_resets,"HMI reset CH-C2",,"run_time_resets[10]"
COMMENT,,run_time_resets,"hold reset CH-C2",,"run_time_resets[11]"
COMMENT,,run_time_resets,"HMI reset DCG 1",,"run_time_resets[12]"
COMMENT,,run_time_resets,"hold reset DCG 1",,"run_time_resets[13]"
COMMENT,,run_time_resets,"HMI reset DCG 2",,"run_time_resets[14]"
COMMENT,,run_time_resets,"hold reset DCG 2",,"run_time_resets[15]"
COMMENT,,run_time_resets,"HMI reset DCG 3",,"run_time_resets[16]"
COMMENT,,run_time_resets,"hold reset DCG 3",,"run_time_resets[17]"
COMMENT,,run_time_resets,"HMI reset DCG 4",,"run_time_resets[18]"
COMMENT,,run_time_resets,"hold reset DCG 4",,"run_time_resets[19]"
COMMENT,,run_time_resets,"HMI reset DCG 5",,"run_time_resets[20]"
COMMENT,,run_time_resets,"hold reset DCG 5",,"run_time_resets[21]"
COMMENT,,run_time_resets,"HMI reset DCG 6",,"run_time_resets[22]"
COMMENT,,run_time_resets,"hold reset DCG 6",,"run_time_resets[23]"
COMMENT,,run_time_resets,"HMI reset all",,"run_time_resets[24]"
COMMENT,,run_time_resets,"hold reset all",,"run_time_resets[25]"
COMMENT,,run_time_resets,"HMI display confirm and cancel",,"run_time_resets[30]"
COMMENT,,run_time_resets,"HMI cancel reset",,"run_time_resets[31]"
TAG,,set_to_no_dc_fans1,"","BOOL","","(RADIX := Decimal, Constant := false, ExternalAccess := Read/Write)"
TAG,,set_to_no_dc_fans2,"","BOOL","","(RADIX := Decimal, Constant := false, ExternalAccess := Read/Write)"
TAG,,showaddsteptoosmall,"","TIMER","","(Constant := false, ExternalAccess := Read/Write)"
TAG,,showdisabletoohigh,"","TIMER","","(Constant := false, ExternalAccess := Read/Write)"
TAG,,showdropsteptoosmall,"","TIMER","","(Constant := false, ExternalAccess := Read/Write)"
TAG,,showenabletoohigh,"","TIMER","","(Constant := false, ExternalAccess := Read/Write)"
TAG,,Switch_Chilled_Pump_A_to_LAG,"","BOOL","","(RADIX := Decimal, Constant := false, ExternalAccess := Read/Write)"
TAG,,Switch_Chilled_Pump_B_to_LAG,"","BOOL","","(RADIX := Decimal, Constant := false, ExternalAccess := Read/Write)"
TAG,,Switch_Process_Pump_A_to_LAG,"","BOOL","","(RADIX := Decimal, Constant := false, ExternalAccess := Read/Write)"
TAG,,Switch_Process_Pump_B_to_LAG,"","BOOL","","(RADIX := Decimal, Constant := false, ExternalAccess := Read/Write)"
TAG,,SysInAuto,"","BOOL","","(RADIX := Decimal, Constant := false, ExternalAccess := Read/Write)"
ALIAS,,Sysinauto_blue_light,"","","output_io_buffered_6.12","(RADIX := Decimal, ExternalAccess := Read/Write)"
TAG,,TDRmsgdelay,"","TIMER[8]","","(Constant := false, ExternalAccess := Read/Write)"
TAG,,TDR_1,"","TIMER[16]","","(Constant := false, ExternalAccess := Read/Write)"
TAG,,TDR_2,"","TIMER[8]","","(Constant := false, ExternalAccess := Read/Write)"
TAG,,temp_absolute_alarm_set_point,"","REAL","","(RADIX := Float, Constant := false, ExternalAccess := Read/Write)"
TAG,,temp_add_drycooler_step,"","REAL","","(RADIX := Float, Constant := false, ExternalAccess := Read/Write)"
TAG,,temp_ambient_air,"","REAL","","(RADIX := Float, Constant := false, ExternalAccess := Read/Write)"
TAG,,temp_chillers_start,"","REAL","","(RADIX := Float, Constant := false, ExternalAccess := Read/Write)"
TAG,,temp_chillers_stop,"","REAL","","(RADIX := Float, Constant := false, ExternalAccess := Read/Write)"
TAG,,temp_clear_alarm_net_set_point,"","REAL","","(RADIX := Float, Constant := false, ExternalAccess := Read/Write)"
TAG,,temp_clear_alarm_net_temp,"","REAL","","(RADIX := Float, Constant := false, ExternalAccess := Read/Write)"
TAG,,temp_clear_alarm_set_point,"","REAL","","(RADIX := Float, Constant := false, ExternalAccess := Read/Write)"
TAG,,temp_drop_drycooler_step,"","REAL","","(RADIX := Float, Constant := false, ExternalAccess := Read/Write)"
TAG,,temp_drycooler_outlet,"","REAL","","(RADIX := Float, Constant := false, ExternalAccess := Read/Write)"
TAG,,temp_dry_cooler_disable_toohigh,"","BOOL","","(RADIX := Decimal, Constant := false, ExternalAccess := Read/Write)"
TAG,,temp_dry_cooler_enable,"","REAL","","(RADIX := Float, Constant := false, ExternalAccess := Read/Write)"
TAG,,temp_dry_cooler_enable_toohigh,"","BOOL","","(RADIX := Decimal, Constant := false, ExternalAccess := Read/Write)"
TAG,,temp_dry_cooler_inhibit,"","REAL","","(RADIX := Float, Constant := false, ExternalAccess := Read/Write)"
TAG,,temp_process_delta_t,"","INT","","(RADIX := Decimal, Constant := false, ExternalAccess := Read/Write)"
TAG,,temp_process_return,"","REAL","","(RADIX := Float, Constant := false, ExternalAccess := Read/Write)"
TAG,,temp_process_return_minus_ambient,"","REAL","","(RADIX := Float, Constant := false, ExternalAccess := Read/Write)"
TAG,,temp_process_setpoint,"","REAL","","(RADIX := Float, Constant := false, ExternalAccess := Read/Write)"
TAG,,temp_process_supply,"","REAL","","(RADIX := Float, Constant := false, ExternalAccess := Read/Write)"
TAG,,temp_relative_alarm_net_temp,"","REAL","","(RADIX := Float, Constant := false, ExternalAccess := Read/Write)"
TAG,,temp_relative_alarm_set_point,"","REAL","","(RADIX := Float, Constant := false, ExternalAccess := Read/Write)"
TAG,,temp_relative_net_set_point,"","REAL","","(RADIX := Float, Constant := false, ExternalAccess := Read/Write)"
TAG,,test_1,"","BOOL","","(RADIX := Decimal, Constant := false, ExternalAccess := Read/Write)"
TAG,,test_Trips,"","COUNTER","","(Constant := false, ExternalAccess := Read/Write)"
TAG,,timers_run_hours,"chiller AND coolers minutes","TIMER[20]","","(Constant := false, ExternalAccess := Read/Write)"
COMMENT,,timers_run_hours,"System in auto",,"timers_run_hours[0]"
COMMENT,,timers_run_hours,"DC Group 1 on",,"timers_run_hours[1]"
COMMENT,,timers_run_hours,"DC Group 2 on",,"timers_run_hours[2]"
COMMENT,,timers_run_hours,"DC Group 3 on",,"timers_run_hours[3]"
COMMENT,,timers_run_hours,"DC Group 4 on",,"timers_run_hours[4]"
COMMENT,,timers_run_hours,"DC Group 5 on",,"timers_run_hours[5]"
COMMENT,,timers_run_hours,"DC Group 6 on",,"timers_run_hours[6]"
COMMENT,,timers_run_hours,"Chiller A system 1 on",,"timers_run_hours[7]"
COMMENT,,timers_run_hours,"Chiller A system 2 on",,"timers_run_hours[8]"
COMMENT,,timers_run_hours,"Chiller B system 1 on",,"timers_run_hours[9]"
COMMENT,,timers_run_hours,"Chiller B system 2 on",,"timers_run_hours[10]"
COMMENT,,timers_run_hours,"Chiller C system 1 on",,"timers_run_hours[11]"
COMMENT,,timers_run_hours,"Chiller C system 2 on",,"timers_run_hours[12]"
COMMENT,,timers_run_hours,"Chiller and Coolers on minutes",,"timers_run_hours[13]"
TAG,,time_addingWaterInAuto,"","TIMER","","(Constant := false, ExternalAccess := Read/Write)"
TAG,,time_callingForWater,"","TIMER","","(Constant := false, ExternalAccess := Read/Write)"
TAG,,twentyfour_hour_rotation_not_done,"","BOOL","","(RADIX := Decimal, Constant := false, ExternalAccess := Read/Write)"
TAG,,two_chillers_seqence_fix,"","BOOL","","(RADIX := Decimal, Constant := false, ExternalAccess := Read/Write)"
TAG,,valvesignal,"","DINT","","(RADIX := Decimal, Constant := false, ExternalAccess := Read/Write)"
TAG,,zzwally,"rung11","BOOL[32]","","(RADIX := Decimal, Constant := false, ExternalAccess := Read/Write)"
TYPE,SCOPE,NAME,DESCRIPTION,DATATYPE,SPECIFIER,ATTRIBUTES
TAG,MainProgram,alarmPresent,"","BOOL","","(RADIX := Decimal, Constant := false, ExternalAccess := Read/Write)"
TYPE,SCOPE,ROUTINE,COMMENT,OWNING_ELEMENT,LOCATION
RCOMMENT,"MainProgram","Alternate_24hour","Chilled pump A from LAG to LEAD and Chilled Pump B from LEAD to LAG","OTL(chilled_pump_swap_done)","0"
RCOMMENT,"MainProgram","Alternate_24hour","Delay process pump swap so it isn$'t simultaneous with chilled pump swap","TON(Delay_process_pump_swap,?,?)","1"
RCOMMENT,"MainProgram","Alternate_24hour","Rotate chiller sequence","OTL(chiller_rot_done)","3"
RCOMMENT,"MainProgram","Alternate_24hour","Rotate dry cooler sequence number","OTL(dry_cooler_rot_done)","5"
RCOMMENT,"MainProgram","Buffer_inputs","local analogue IO","CPS(Local:7:I.Ch3Data,rtd_input_ch3data,1)","0"
RCOMMENT,"MainProgram","Buffer_inputs","local discrete IO","CPS(Local:4:I.Data,input_io_buffered_4,1)","1"
RCOMMENT,"MainProgram","Chilled_system_LPA","Detect and respond to Chilled Water System Low Pressure Alarm Input","NOP()","0"
RCOMMENT,"MainProgram","MainRoutine","Set various status and sequence values to default power-up settings","MOV(0,dry_coolers_steps_to_run)","1"
RCOMMENT,"MainProgram","make_up_valves","ADD MAKE-UP$NWater or Premix","OTE(output_io_buffered_6.9)","0"
RCOMMENT,"MainProgram","make_up_valves","at least$NONE PROCESS PUMP RUNNING","OTE(One_Process_Pump_Running)","1"
RCOMMENT,"MainProgram","make_up_valves","2023 August 25$NSet to 120 psi. HNO.","OTE(alarms_2.30)","2"
RCOMMENT,"MainProgram","make_up_valves","2023 August 24$NSet to 40 psi. HNO.","OTE(alarms_3.0)","4"
RCOMMENT,"MainProgram","make_up_valves","2023 August 25$NSet to 50 / 40-ish psi. HNC.$N$Ndummy track time water added","RTO(time_addingWaterInAuto,?,?)","5"
RCOMMENT,"MainProgram","make_up_valves","water add timer at $N9434577 mS$Non 2023 August ","NOP()","7"
RCOMMENT,"MainProgram","Process_system_LPA","Detect and respond to Process Water System Low Pressure Alarm Input","NOP()","0"
RCOMMENT,"MainProgram","runtimers","System Running Hour Accumulator","RTO(timers_run_hours[0],?,?)","0"
RCOMMENT,"MainProgram","runtimers","Chiller A System 1 Hour Accumulator","RTO(timers_run_hours[7],?,?)","5"
RCOMMENT,"MainProgram","runtimers","Chiller A System 2 Hour Accumulator","RTO(timers_run_hours[8],?,?)","8"
RCOMMENT,"MainProgram","runtimers","Chiller B System 1 Hour Accumulator","RTO(timers_run_hours[9],?,?)","11"
RCOMMENT,"MainProgram","runtimers","Chiller B System 2 Hour Accumulator","RTO(timers_run_hours[10],?,?)","14"
RCOMMENT,"MainProgram","runtimers","Chiller C System 1 Hour Accumulator","RTO(timers_run_hours[11],?,?)","17"
RCOMMENT,"MainProgram","runtimers","Chiller C System 2 Hour Accumulator","RTO(timers_run_hours[12],?,?)","20"
RCOMMENT,"MainProgram","runtimers","Dry Cooler Fan Group 1 Hour Accumulator","RTO(timers_run_hours[1],?,?)","29"
RCOMMENT,"MainProgram","runtimers","Dry Cooler Fan Group 2 Hour Accumulator","RTO(timers_run_hours[2],?,?)","32"
RCOMMENT,"MainProgram","runtimers","Dry Cooler Fan Group 3 Hour Accumulator","RTO(timers_run_hours[3],?,?)","35"
RCOMMENT,"MainProgram","runtimers","Dry Cooler Fan Group 4 Hour Accumulator","RTO(timers_run_hours[4],?,?)","38"
RCOMMENT,"MainProgram","runtimers","Dry Cooler Fan Group 5 Hour Accumulator","RTO(timers_run_hours[5],?,?)","41"
RCOMMENT,"MainProgram","runtimers","Increment both running hour counter","RTO(timers_run_hours[13],?,?)","44"
RCOMMENT,"MainProgram","runtimers","Detail time resets","TON(HMI_reset_hold,?,?)","47"
RCOMMENT,"MainProgram","Run_2_chillers","Check chiller operating status","OTE(alarms_1.14)","1"
RCOMMENT,"MainProgram","Run_2_chillers","Add or drop a chiller","OTE(chillers_add_one)","9"
RCOMMENT,"MainProgram","Run_2_chillers","Verify that a chilled water pump is ready for chiller operation in HAND or AUTO.","OTE(chilled_pumps_ready)","21"
RCOMMENT,"MainProgram","Run_3_chillers","Check chiller operating status","OTE(alarms_1.14)","1"
RCOMMENT,"MainProgram","Run_3_chillers","Add or drop a chiller","OTE(chillers_add_one)","11"
RCOMMENT,"MainProgram","Run_coolers","Check dry cooler status and faults","MOV(0,Dry_cooler_C_status)","0"
RCOMMENT,"MainProgram","Run_coolers","Check status of process return and ambient air RTDs","OTE(alarms_2.14)","4"
RCOMMENT,"MainProgram","Run_coolers","Validate user settings for enable/disable dry cooler","TON(showdisabletoohigh,?,?)","6"
RCOMMENT,"MainProgram","Run_coolers","Calculate disable and enable water temperatures based on ambient air and offsets","ADD(temp_ambient_air,dry_cooler_ambient_offset_enable,temp_dry_cooler_enable)","17"
RCOMMENT,"MainProgram","Run_coolers","Check process return versus ambient air - disable dry cooler if ambient air temperature is too high","MOV(0,dry_coolers_steps_to_run)","18"
RCOMMENT,"MainProgram","run_coolers_onreturn","Check dry cooler status and faults","MOV(0,Dry_cooler_B_status)","0"
RCOMMENT,"MainProgram","run_coolers_onreturn","Validate user settings for enable/disable dry cooler","TON(showdisabletoohigh,?,?)","4"
RCOMMENT,"MainProgram","run_coolers_onreturn","Check process return against ambient air to enable/disable dry cooler","ADD(temp_ambient_air,dry_cooler_ambient_offset_enable,temp_dry_cooler_enable)","15"
RCOMMENT,"MainProgram","Run_pumps","Check for pump starter faults and set status value","OTE(alarms_1.0)","0"
RCOMMENT,"MainProgram","Run_pumps","Chilled Pump A Run Control","OTE(Autostart_chilled_pump_A)","24"
RCOMMENT,"MainProgram","Run_pumps","Chilled Pump B Run Control","OTE(Autostart_chilled_pump_B)","26"
RCOMMENT,"MainProgram","Run_pumps","Chilled Pump C Run Control","OTE(Autostart_chilled_pump_C)","28"
RCOMMENT,"MainProgram","Run_pumps","remove me","CTU(test_Trips,?,?)","29"
RCOMMENT,"MainProgram","Run_pumps","Process Pump A Run Control","OTE(Autostart_process_pump_A)","31"
RCOMMENT,"MainProgram","Run_pumps","Process Pump B Run Control","OTE(Autostart_process_pump_B)","33"
RCOMMENT,"MainProgram","Run_pumps","Process Pump C Run Control","OTE(Autostart_process_pump_C)","35"
RCOMMENT,"MainProgram","System_run","High temperature alarm setup","ADD(temp_clear_alarm_set_point,temp_process_setpoint,temp_clear_alarm_net_set_point)","8"
RCOMMENT,"MainProgram","System_run","High temperature alarm setup","OTE(alarms_1.31)","9"
